Top queries,Clicks,Impressions,CTR,Position
street lawyer services,821,1427,57.53%,1.1
dispensary near me,349,6734,5.18%,7.68
street lawyer services dc,187,320,58.44%,1.27
sls baltimore,129,465,27.74%,2.67
sls dc weed dispensary,109,527,20.68%,1.21
street lawyer,78,349,22.35%,11.48
sls dispensary,73,292,25%,1.66
sls dc,70,266,26.32%,1.45
dc dispensary,57,1540,3.70%,32.34
weed dispensary,57,426,13.38%,9.32
street lawyer services baltimore,47,120,39.17%,2.09
street lawyer dispensary,47,115,40.87%,1.31
street lawyers dc,46,70,65.71%,1.19
street lawyers dispensary,44,117,37.61%,1.06
street lawyer dc,43,101,42.57%,1.06
sls dispensary dc,41,125,32.80%,1.04
sls weed dispensary dc,40,88,45.45%,1
street lawyers,38,146,26.03%,2.9
weed near me,37,202,18.32%,9.96
dispensaries near me,32,642,4.98%,17.68
sls dispensary baltimore,32,110,29.09%,2.63
dc street lawyer,32,50,64%,1
street lawyer services dispensary,29,57,50.88%,1
dispensary,27,542,4.98%,17.64
street lawyer services - baltimore location,27,57,47.37%,1.07
recreational dispensary near me,25,291,8.59%,13.86
streetlawyer,25,51,49.02%,4.24
dispensaries in dc,22,537,4.10%,25.88
sls baltimore cannabis dispensary,22,101,21.78%,2.17
weed dispensary near me,20,245,8.16%,10.95
street lawyer services dispensary dc,20,45,44.44%,1.36
weed dispensary dc,19,702,2.71%,33.24
dispensaries in baltimore,19,273,6.96%,39.9
street lawyer services baltimore dispensary,19,55,34.55%,2.24
"sls dc weed dispensary washington, dc",19,44,43.18%,1
dispensary dc,18,1052,1.71%,59.65
sls baltimore dispensary,18,50,36%,2.64
street lawyer service,18,39,46.15%,4.33
dispensary near me open,15,140,10.71%,8.79
dispensary washington dc,14,831,1.68%,51.05
dispensary h street ne dc,14,231,6.06%,3.36
cannabis dispensary near me,14,207,6.76%,15.35
weed dispensary near me now open,14,119,11.76%,7.45
dispensary in dc,13,764,1.70%,28.36
sls dispensary & weed delivery dc,12,39,30.77%,1.05
dc weed dispensary,11,244,4.51%,30.5
sls dc weed dispensary washington,11,64,17.19%,1.03
sls,10,1343,0.74%,8.45
dc dispensaries,10,736,1.36%,61.23
baltimore dispensary,10,648,1.54%,28.75
dispensary baltimore,10,516,1.94%,31.47
lonny the street lawyer,10,84,11.90%,6.9
weed store near me,10,46,21.74%,5.61
street lawyers dispensary dc,10,29,34.48%,1
h st dispensary,9,179,5.03%,4.58
dispensary on h street,9,126,7.14%,4.53
washington dc dispensary,8,1051,0.76%,47.67
weed in dc,8,606,1.32%,63.33
weed dispensary washington dc,8,599,1.34%,36.91
washington dc dispensaries,8,576,1.39%,31.64
dispensaries dc,8,300,2.67%,34.7
weed dispensary h street,8,31,25.81%,3.29
dispensaries in washington dc,7,492,1.42%,37.36
dispensary h st,7,118,5.93%,3.91
dispensary h st washington dc,7,75,9.33%,3.85
california gold gummies 500mg,7,50,14%,5.82
street legal services,7,21,33.33%,15.29
dispensary in washington dc,6,667,0.90%,56.38
weed shop dc,6,450,1.33%,52.92
dispensaries washington dc,6,286,2.10%,38.61
weed dispensary in dc,6,272,2.21%,44.03
dispensary h street,6,117,5.13%,5.29
rehab premium live resin,6,104,5.77%,6.49
cannabis near me,6,86,6.98%,26.07
dispensary on h st,6,59,10.17%,4.22
baltimore recreational dispensary,6,56,10.71%,46.61
weed dispensaries in dc,6,41,14.63%,17.17
washington dc recreational dispensary menu,6,37,16.22%,9.89
weed dispensary in washington dc,5,387,1.29%,45.5
dispensary in baltimore,5,265,1.89%,42.55
sls cannabis,5,217,2.30%,8.51
weed shops in dc,5,139,3.60%,48.26
recreational dispensary dc,5,96,5.21%,42.25
dispensary near me open now,5,69,7.25%,6.19
best dispensary baltimore,5,56,8.93%,29.57
weed shops near me,5,39,12.82%,10.38
street lawyer services nyc,5,33,15.15%,3.09
baltimore dispensary recreational,5,26,19.23%,27.35
dispensary near me within 0.5 mi,5,24,20.83%,1.83
dc weed,4,595,0.67%,76.18
weed dc,4,586,0.68%,69.16
dispensary downtown baltimore,4,248,1.61%,29.45
dc weed shops,4,150,2.67%,40.41
weed shops dc,4,129,3.10%,45.73
h st ne dispensary,4,83,4.82%,3.22
cali gold gummies,4,69,5.80%,3.58
weed dispensaries near me,4,59,6.78%,26.41
weed shop near me,4,44,9.09%,3.39
maryland dispensary,4,33,12.12%,25.33
weed dispensary washington,4,28,14.29%,16.21
sls washington dc,4,20,20%,1.05
dispensary baltimore md,3,246,1.22%,40.57
washington dc weed dispensary,3,218,1.38%,30.08
baltimore cannabis dispensary,3,192,1.56%,49.82
dc medical dispensary,3,161,1.86%,62.37
recreational dispensary washington dc,3,121,2.48%,42.1
dc weed shop,3,109,2.75%,44.78
dispensary on h street northeast,3,83,3.61%,3.1
dispensary baltimore inner harbor,3,69,4.35%,9.38
weed stores near me,3,25,12%,10.2
best dispensary near me,3,20,15%,5.95
dispensary near me within 0.2 mi,3,12,25%,1.58
dispensaries in baltimore md,3,9,33.33%,3.33
granny za's weed marijuana dispensary,3,6,50%,1
weed near,3,5,60%,2
canna adams morgan,2,407,0.49%,10.18
baltimore dispensaries,2,257,0.78%,49.14
cannabis store dc,2,249,0.80%,50.32
recreational dispensaries in washington dc,2,222,0.90%,73.17
dispensaries baltimore,2,186,1.08%,50.8
dc dispensary open now,2,178,1.12%,42.63
dc cannabis dispensary,2,105,1.90%,38.77
sls baltimore reviews,2,84,2.38%,3.02
dispensary open near me,2,38,5.26%,15.39
washington dc recreational dispensary,2,36,5.56%,42.81
dispo near me,2,35,5.71%,21.57
"dispensary near washington, dc",2,25,8%,13.36
best dispensaries in baltimore,2,25,8%,32.4
maryland dispensaries,2,15,13.33%,3.67
top rated dc dispensary,2,14,14.29%,16.29
dispos near me,2,12,16.67%,21.75
closest dispensary,2,11,18.18%,4.27
dispensary nesr me,2,10,20%,4.3
dc recreational dispensary,2,9,22.22%,19.22
best weed dispensary in dc,2,9,22.22%,32.22
mr. nice guys bmore weed dispensary,2,6,33.33%,1
dispo,2,6,33.33%,2.83
dispensaries nesr me,2,4,50%,2
weed dispensaries nearby,2,4,50%,4.25
weed stores,2,4,50%,6.75
dispensarys,2,3,66.67%,1
dispesaries near me,2,3,66.67%,1
weed dispensaries in virginia,2,3,66.67%,11.33
zen leaf towson,2,2,100%,1
dispensary within 1 mi,2,2,100%,5.5
best dispensary in washington dc,1,633,0.16%,46.21
dc weed delivery,1,385,0.26%,91.28
h street dispensary,1,305,0.33%,9.88
best dispensaries in dc,1,253,0.40%,44.49
washington dc dispensaries open,1,234,0.43%,39.33
dispensary near dc,1,233,0.43%,51.91
weed dispensary baltimore,1,224,0.45%,34.33
weed store dc,1,206,0.49%,50.27
washington dc weed stores,1,202,0.50%,50.87
cannabis dispensary baltimore,1,196,0.51%,44.21
dispensary near me washington dc,1,194,0.52%,41.96
cannabis dispensary dc,1,190,0.53%,39.96
recreational dispensaries in dc,1,177,0.56%,70.76
dc dispensarys,1,137,0.73%,44.77
recreational dispensary,1,130,0.77%,44.18
cannabis delivery baltimore,1,129,0.78%,38.22
dispensary inner harbor baltimore,1,122,0.82%,10.01
best dispensary in maryland,1,112,0.89%,74.56
baltimore city dispensary,1,108,0.93%,47.4
weed stores in dc,1,108,0.93%,49.87
dispensary washington,1,102,0.98%,33.12
cannabis dispensary,1,101,0.99%,41.78
dc weed dispensaries open now,1,84,1.19%,38.79
weed stores dc,1,81,1.23%,52.43
dispensaries,1,76,1.32%,34.47
dc cannabis shop,1,71,1.41%,53.8
dc weed stores,1,69,1.45%,38.55
street lawyer services dc reviews,1,68,1.47%,2.51
wharf weed dc,1,56,1.79%,8.27
weed shop washington dc,1,56,1.79%,49.3
california gold edibles,1,55,1.82%,6.05
weed store in dc,1,47,2.13%,36.91
cannabis store near me,1,44,2.27%,10.93
weed dc open now,1,37,2.70%,55.92
weed shop,1,36,2.78%,16.94
weed events dc,1,36,2.78%,23.03
dispensary adams morgan dc,1,34,2.94%,11.65
california gold gummies,1,32,3.12%,14.84
canna adams morgan dc,1,29,3.45%,6.52
edibles near me,1,29,3.45%,45.62
dc mushroom dispensary,1,29,3.45%,57.9
walk in dispensaries in dc,1,28,3.57%,13.93
lawyer street,1,28,3.57%,15.5
weed shop in dc,1,28,3.57%,23.21
rec dispensary near me,1,24,4.17%,43.29
dc weed dispensaries,1,23,4.35%,25.17
dupont dispensary,1,23,4.35%,27.09
dispensaries downtown,1,23,4.35%,36.87
weed deals dc,1,22,4.55%,20.91
weed store,1,22,4.55%,23.77
washington dc mushroom dispensary,1,21,4.76%,72.48
medical dispensaries in dc,1,19,5.26%,56.26
nearby dispensary,1,18,5.56%,16.89
are there dispensaries in washington dc,1,18,5.56%,65.22
"sls baltimore cannabis dispensary baltimore, md",1,17,5.88%,1.76
weed near me dc,1,17,5.88%,34.94
washington dc weed shop,1,17,5.88%,45.59
dispensery near me,1,16,6.25%,3.88
pre rolls near me,1,16,6.25%,39.56
"closest recreational dispensary to baltimore, maryland",1,15,6.67%,7.8
sls near me,1,15,6.67%,20.6
sls services,1,15,6.67%,46.47
closest dispensary to me,1,14,7.14%,2.5
"dispensary near baltimore, md",1,14,7.14%,5.43
allswell weed,1,14,7.14%,12.07
best dc dispensary,1,14,7.14%,27.07
weed store dispensary near me,1,14,7.14%,28.86
dispensaries near washington dc,1,14,7.14%,36.07
weed edibles dc,1,14,7.14%,70.79
weed,1,13,7.69%,11.92
hash in dc,1,13,7.69%,13.69
inner harbor dispensary,1,11,9.09%,4.82
weed dispensaries dc,1,11,9.09%,9.18
sls locations,1,11,9.09%,30.09
order weed dc,1,10,10%,65.8
cannabis shop near me,1,9,11.11%,11.67
weed shops in washington dc,1,9,11.11%,30.11
weed dispensary md,1,9,11.11%,30.89
recreational dispensaries washington dc,1,9,11.11%,76.44
weedmaps,1,8,12.50%,4
dispensary delivery near me,1,8,12.50%,5.38
weed shop near me open now,1,8,12.50%,5.38
sls menu,1,8,12.50%,41
dispenary near me,1,7,14.29%,6.71
canabis store near me,1,6,16.67%,1.33
rso near me,1,6,16.67%,2.17
weed near me open,1,6,16.67%,7.83
nearest weed dispensary,1,6,16.67%,8
dispensery dc,1,6,16.67%,33.83
dispencery near me,1,5,20%,1.8
medical dispensary,1,5,20%,2
mushroom store dc,1,5,20%,39.2
weed delivery near me,1,5,20%,42.6
closest weed dispensary open near me,1,4,25%,1
cannibus near me,1,4,25%,1.75
dispensories near me,1,4,25%,1.75
cannabis lounge,1,4,25%,3.5
dispensary bear me,1,4,25%,3.75
dispensary fells point,1,4,25%,4.5
weed wax nearby,1,4,25%,6.75
dispensary near me now,1,4,25%,7.5
legal weed,1,4,25%,12.5
weed dispensary waldorf md,1,4,25%,16.25
cheap weed in dc,1,4,25%,24.75
dispensaries baltimore md,1,4,25%,30.25
dispensaries near me within 0.5 mi,1,3,33.33%,1.67
h street dispensary dc,1,3,33.33%,1.67
elevate canna club baltimore,1,3,33.33%,2
weed carts near me,1,3,33.33%,2
recreational.dispensary near me,1,3,33.33%,5
dispensary near me that takes credit cards,1,3,33.33%,8
cannabis cafe,1,3,33.33%,8.33
legal weed dispensary near me,1,3,33.33%,10.33
weed. dispensary,1,3,33.33%,20
washington dc weed shops,1,3,33.33%,26
washington weed stores,1,3,33.33%,141.67
dispensary near camden yards,1,2,50%,1
dispensary near my location,1,2,50%,1
dispsensary near me,1,2,50%,1
flowerz,1,2,50%,1
near by dispensary weed near me,1,2,50%,1
nearest weed dispensary near me now,1,2,50%,1
weed distributor near me,1,2,50%,1
weed shops near me open now,1,2,50%,1
street lawyer services dispensary dc - weed in dc,1,2,50%,1.5
cheap dispensary near me open,1,2,50%,2.5
weed vape near me,1,2,50%,3.5
dispensaries near me that deliver,1,2,50%,4.5
wax for weed near me,1,2,50%,4.5
weed dispensary greenbelt,1,2,50%,4.5
baltimore maryland dispensary,1,2,50%,7
weed near my location,1,2,50%,10
dc gummies,1,2,50%,24.5
recreational dispensaries,1,2,50%,26
rec dispensary dc,1,2,50%,32
baddies blunts near me,1,1,100%,1
best weed store near me,1,1,100%,1
canibis stores near me,1,1,100%,1
cannabis cafe near me,1,1,100%,1
cannabis dispensary nesr me,1,1,100%,1
cannabis nearby,1,1,100%,1
cheap dispensaries near me,1,1,100%,1
chocolate thai strain near me,1,1,100%,1
dispenaey near me,1,1,100%,1
dispenceey near me,1,1,100%,1
dispenceries near me,1,1,100%,1
dispensaries.near me,1,1,100%,1
dispensary near me within 1 mi open now,1,1,100%,1
dispensary near union station,1,1,100%,1
dispensary that takes apple pay near me,1,1,100%,1
dnm,1,1,100%,1
dnm - dispensary near me,1,1,100%,1
google dispensary,1,1,100%,1
liberty cannabis (now rec 21+ and med),1,1,100%,1
nearest weed shop,1,1,100%,1
order weed,1,1,100%,1
receeational dispensary near me,1,1,100%,1
recreational dispensaries nesr me,1,1,100%,1
roach clips for weed near me,1,1,100%,1
safe house,1,1,100%,1
shake weed near me,1,1,100%,1
washington dc mushrooms dispensary,1,1,100%,1
washington dc weed dispensary map,1,1,100%,1
weed cigar near me,1,1,100%,1
weed deals near me,1,1,100%,1
weed dispensaries near my location,1,1,100%,1
weed dispensary washington nc,1,1,100%,1
weed near me.,1,1,100%,1
weed shops around me,1,1,100%,1
weed stores newr me,1,1,100%,1
weed vape stores near me,1,1,100%,1
where can i get weed from,1,1,100%,1
white widow strain near me,1,1,100%,1
recreational weed dispensary near me now open,1,1,100%,2
weed drink nearby,1,1,100%,2
dispensary disposable,1,1,100%,3
cannabis sales near me,1,1,100%,5
dispensary medical,1,1,100%,8
the best weed pens,1,1,100%,10
slumped weed,1,1,100%,12
dispensary shops near me,1,1,100%,17
dispo.near me,1,1,100%,22
how to buy weed in dc,0,602,0%,49.85
sls dc weed dispensary washington reviews,0,557,0%,1.86
edibles dc,0,486,0%,93.55
where to buy weed in dc,0,429,0%,75.19
best weed delivery dc,0,378,0%,84.57
buying weed in dc,0,368,0%,86.52
weed delivery navy yard,0,359,0%,17.36
dc weed events,0,340,0%,18.11
marijuana dispensary washington dc,0,308,0%,38.55
washington dc marijuana dispensary,0,304,0%,44.96
washington dc dispensary gift,0,304,0%,94.68
recreational marijuana dispensary washington dc,0,294,0%,50.92
thc nerd rope,0,288,0%,68.45
washington premium cannabis dispensary,0,279,0%,13.18
washington dc marijuana stores,0,279,0%,53.05
cali gold carts price,0,277,0%,62.69
weed stores in washington dc,0,272,0%,52.63
cannabis stores in washington district of columbia,0,270,0%,65.67
thc nerds rope,0,266,0%,64.47
nerds rope thc,0,261,0%,66.44
dispensary near washington dc,0,248,0%,53.04
edibles in dc,0,244,0%,81.78
cannabis dispensaries washington dc,0,236,0%,52.93
nerd rope edibles,0,231,0%,84.02
best dispensaries in maryland,0,220,0%,72.34
best dispensary in baltimore,0,217,0%,35.44
cannabis delivery dc,0,217,0%,83.47
marijuana delivery dc,0,216,0%,83.38
how to get weed in dc,0,211,0%,70.74
washington dc cannabis dispensary,0,210,0%,44.65
fort morgan dispensary,0,206,0%,56.54
nerds rope edible,0,205,0%,80.65
buy weed in dc,0,200,0%,70.13
dispensaries in baltimore maryland,0,198,0%,53.89
baltimore md dispensary,0,197,0%,50.52
dispensary georgetown,0,196,0%,77.9
washington premium cannabis,0,191,0%,23.75
baltimore weed dispensary,0,189,0%,36.69
cannabis dispensary washington dc,0,188,0%,42.1
dispensary in dc open,0,185,0%,48.12
recreational marijuana stores in washington dc,0,184,0%,67.47
baltimore cannabis,0,184,0%,69.49
marijuana dispensaries in washington dc,0,174,0%,46.48
dispensary near baltimore,0,173,0%,57.91
dispensaries in dc open now,0,171,0%,50.35
dispensary near me baltimore,0,170,0%,49.53
best dispensary in dc,0,169,0%,43.69
washington dc reactional weed delivery,0,168,0%,87.91
wharf weed,0,167,0%,9.68
trinidad dispensaries,0,167,0%,53.42
brentwood dispensary,0,166,0%,34.49
cannabis washington dc,0,165,0%,68.29
cannabis delivery washington,0,163,0%,83.61
u street dispensary,0,157,0%,9.47
adams morgan shopping,0,156,0%,46.9
washington dc dispensary online,0,154,0%,84.45
best dispensaries in washington dc,0,153,0%,38.33
dc marijuana delivery,0,152,0%,87.59
dispensarys in dc,0,151,0%,45.28
weed dispensary in washington dc open,0,150,0%,47.03
dispensary in baltimore maryland,0,147,0%,34.81
dispensary dc near washington dc,0,147,0%,63.86
best edibles in dc,0,146,0%,62.04
weed delivery baltimore,0,145,0%,48.29
washington dc marijuana delivery,0,145,0%,84.45
recreational dispensaries dc,0,144,0%,74.12
georgetown marijuana dispensary,0,143,0%,59.89
buy weed dc,0,143,0%,70.99
dispensarys dc,0,141,0%,44.22
best weed shop in dc,0,141,0%,48.28
weed gifts dc,0,141,0%,72.33
cannabis in dc,0,141,0%,73.96
marijuana georgetown,0,140,0%,45.9
cali gold carts,0,140,0%,58.77
nerd rope thc,0,140,0%,71.01
mount pleasant dispensary,0,139,0%,45.43
marijuana in georgetown,0,138,0%,39.06
weed delivery maryland,0,137,0%,87.12
georgetown marijuana,0,136,0%,37.08
best dc weed,0,136,0%,60.68
indica disposable cart,0,136,0%,77.42
washington dc weed,0,135,0%,54.47
marijuana washington dc,0,135,0%,67.66
capitol hill dispensary,0,134,0%,29.78
dispensary in georgetown,0,132,0%,59.36
georgetown cannabis,0,132,0%,75.18
d.c. dispensary,0,131,0%,46.7
medical dispensaries dc,0,131,0%,71.92
dispensaries in trinidad,0,130,0%,50.68
marijuana in dc,0,130,0%,83.29
cannabis in georgetown,0,129,0%,39.53
marijuana dispensary dc,0,129,0%,40.66
edibles delivery dc,0,129,0%,81.5
cannabis club,0,128,0%,50.2
dc recreational dispensaries,0,128,0%,75
washington dc wholesale cannabis,0,127,0%,70.64
dc medical dispensary near me,0,126,0%,55.9
cannabis dispensary in washington dc,0,124,0%,44.61
cannabis georgetown,0,124,0%,56.1
dispensary near the wharf dc,0,121,0%,7.48
nerds rope edible price,0,121,0%,41.5
dispensaries near baltimore md,0,121,0%,63.8
cannabis lawyer,0,119,0%,162.68
baltimore dispensary menu,0,118,0%,24.88
dc cannabis store,0,118,0%,52.82
dispensary fort morgan,0,118,0%,53.92
cali gummi cbd,0,118,0%,63.82
best weed delivery in dc,0,118,0%,93.61
can you buy weed in dc,0,117,0%,87.82
dispensary in baltimore md,0,115,0%,63.1
where to buy weed dc,0,114,0%,75.11
cannabis near georgetown,0,112,0%,33.18
thc nerd ropes,0,112,0%,73.16
cannabis dispensaries in washington dc,0,111,0%,46.41
dc cannabis,0,111,0%,78.17
georgetown dispensaries,0,109,0%,30.95
cali golds carts,0,109,0%,80.02
canna dc adams morgan,0,108,0%,7.12
dispensary trinidad,0,108,0%,80.03
weed dispensary in baltimore maryland,0,107,0%,38.37
weed washington dc,0,105,0%,58.92
washington dc cannabis,0,105,0%,75.8
thc edibles nerds,0,103,0%,68.68
cannabis dc,0,102,0%,72.14
premium cannabis delivery in washington dc,0,102,0%,77.25
nerd rope edibles price,0,100,0%,79.52
edible nerds rope,0,99,0%,83.21
street lawyer dispencary dc,0,98,0%,1
washington dc weed delivery,0,98,0%,87.46
ivy dispensary,0,96,0%,43.43
best weed in dc,0,94,0%,39.78
the circle weed,0,94,0%,73.61
cbd dispensary washington dc,0,93,0%,36.86
dc finest weed,0,92,0%,25.84
weed delivery dc,0,90,0%,91.11
dc weed dispensary near me,0,89,0%,41.7
dispensary navy yard,0,88,0%,10.26
og innovations chevy,0,88,0%,36.61
dc weed store,0,88,0%,48.56
dispensary near capitol hill,0,87,0%,28.62
weed dispensaries in washington dc,0,87,0%,36.32
washington dc weed dispensary prices,0,87,0%,44.64
cbd stores in dc,0,85,0%,53.96
mota jellies,0,85,0%,66.44
preroll delivery dc,0,85,0%,90.72
thc skittles,0,84,0%,62.43
edibles nerds rope,0,84,0%,79.67
cannabis stores dc,0,83,0%,56.58
dc concentrates,0,83,0%,75.82
dupont circle dispensary,0,82,0%,9.8
marijuana store dc,0,82,0%,48.2
dc cannabis shops,0,82,0%,52.6
cbd washington dc,0,82,0%,73.9
edible nerd rope,0,82,0%,83.66
sls canabis,0,81,0%,8.4
dc marijuana dispensaries,0,81,0%,45.57
weed dispensery dc,0,81,0%,46.96
cannabis in washington dc,0,81,0%,81.2
dc cbd reviews,0,80,0%,35.3
union market weed dc,0,79,0%,7.28
cannabis it services in washington,0,79,0%,18.39
skittles cannabis,0,79,0%,47.29
marijuana dispensaries washington dc,0,78,0%,50.59
cbd store dc,0,78,0%,55.54
trinidad dispensary,0,78,0%,67.35
dispensary dupont circle,0,77,0%,9.94
drip coupon,0,77,0%,45.49
thc gummies dc,0,77,0%,55.3
marijuana lawyers maryland,0,77,0%,59.23
where to buy weed in washington dc,0,77,0%,70.86
weed in washington dc,0,77,0%,80.34
weed love dc,0,76,0%,31.89
new strains cannabis dc,0,76,0%,32.29
best dispensary dc,0,76,0%,39.86
dc marijuana events,0,76,0%,51.79
best ways to find weed in dc,0,76,0%,52.78
skittles weed,0,76,0%,65.43
weed gifting dc,0,76,0%,65.88
cali gummies,0,76,0%,77.93
top 10 marijuana strains in dc,0,75,0%,23.91
dispensary mount pleasant,0,75,0%,45.71
cannabis dispensary menu in washington dc,0,75,0%,47.75
columbia heights lawyers,0,75,0%,49.88
washington dc cannabis events,0,75,0%,53.08
weed dispensary navy yard,0,74,0%,9.15
dispensary near dupont circle,0,74,0%,9.81
best dc dispensary for edibles,0,74,0%,56.55
where to buy weed washington dc,0,74,0%,72.58
cannabis near downtown dc,0,73,0%,13.71
premium cannabis shops in dc,0,73,0%,22.37
cannabis nerd rope,0,73,0%,42.04
dc cannabis stores,0,73,0%,53.67
dc weed gifting store,0,73,0%,54.56
best smoke shop in dc,0,73,0%,58.9
dispensary advocate,0,73,0%,59.99
where can you buy weed in washington dc,0,73,0%,70.11
dc edibles,0,73,0%,80.08
edible delivery dc,0,73,0%,86.37
cannabis downtown dc,0,72,0%,14.64
marijuana attorney georgetown,0,72,0%,33.75
dc best dispensary,0,72,0%,55.06
dc marijuana gifting stores,0,72,0%,71.93
best cannabis delivery services washington dc,0,72,0%,73.67
nerd rope edible 400mg,0,72,0%,75.25
ascend dispensary,0,71,0%,12.18
dispensary downtown dc,0,71,0%,22.32
marijuana lawyer georgetown,0,71,0%,29.46
marijuana delivery baltimore,0,71,0%,37.68
cannabis dispensary in dc,0,71,0%,41.1
best edibles dc,0,71,0%,52.39
cannabis shops dc,0,71,0%,53.07
dc weed delivery to md,0,71,0%,69.15
edibles nerds,0,71,0%,80.68
best dc weed delivery,0,71,0%,93.18
dispensary downtown,0,70,0%,8.01
choice carts,0,70,0%,18.97
dispensary near shaw heights,0,70,0%,19.36
peanut butter souffle strain,0,70,0%,20.47
weed dispensary baltimore md,0,70,0%,34.59
cannabis shop dc,0,70,0%,48
best edibles near me dc,0,70,0%,50.09
cannabis store near washington dc,0,70,0%,51.26
edibles near me dc,0,70,0%,53.61
cbd gummies dc,0,70,0%,78.94
edibles washington dc,0,70,0%,84
calypso carts dc,0,69,0%,7.07
cannabis dispensaries dc,0,69,0%,45.42
cannabis law firm md,0,69,0%,58.51
langdon dc,0,69,0%,62.55
recreational dispensary in washington dc,0,69,0%,64.96
recreational weed delivery dc,0,69,0%,78.1
nerd ropes edibles,0,69,0%,82.81
find weed in dc,0,68,0%,66.4
washington dc marijuana,0,68,0%,71.46
online washington dc dispensary,0,68,0%,72.21
cannabis downtown,0,67,0%,4.84
calypso coupon,0,67,0%,17.16
dispensaries washington d.c.,0,67,0%,47.25
marijuana dispensary trinidad,0,67,0%,74.07
shaw heights dispensary,0,66,0%,18.02
dc cannabis delivery hotels,0,66,0%,48.65
cannabis law firm maryland,0,66,0%,64.35
maryland dispensary baltimore,0,66,0%,69.7
cbd attorneys maryland,0,66,0%,76.53
premium weed dispensary dc,0,65,0%,11.29
nerd rope edible price,0,65,0%,53.22
weed club dc,0,65,0%,53.57
nerds edibles,0,65,0%,89.8
dispensary union market,0,64,0%,8.53
medical dispensary near me,0,64,0%,40.31
mota distillate jellies,0,64,0%,44.67
marijuana strains in dc,0,64,0%,51.73
shroom dispensary dc,0,64,0%,66.06
edibles delivery alexandria,0,64,0%,67.86
georgetown dispensary,0,64,0%,81.58
thc nerds,0,64,0%,89.23
smoke shops in dc,0,64,0%,91.42
sls website,0,63,0%,42.24
navy yard dispensary,0,62,0%,9.4
dispensaries in maryland,0,62,0%,12.55
columbia heights gummies,0,62,0%,39.1
washington dc pot shops,0,62,0%,50.6
the circle dispensary,0,62,0%,79.53
edibles nerd rope,0,62,0%,82.52
smoke shop dc,0,62,0%,84.47
how to find weed,0,61,0%,24.66
caligold coupon code,0,61,0%,48.62
cannabis delivery washington dc open late,0,61,0%,55.72
medical marijuana dispensary washington,0,61,0%,59.07
trinidad recreational dispensary,0,61,0%,65.05
nerds rope edibles,0,61,0%,76.95
dcweed,0,61,0%,84.39
dispensary u street,0,60,0%,9.75
dispensary on u street,0,60,0%,9.77
congress park dispensary,0,60,0%,40.45
washington dc cannabis delivery hotel,0,60,0%,44.88
washington cannabis delivery service,0,60,0%,73.7
how to open a dispensary in washington dc,0,60,0%,78.58
nerds ropes edibles,0,60,0%,82.6
cali gold strain,0,59,0%,55.76
dc mushrooms dispensary,0,59,0%,68.19
cali gold cartridge,0,59,0%,75.95
marijuana delivery washington dc,0,59,0%,87.54
mota jelly 200mg thc,0,58,0%,58.67
weed edibles washington dc,0,58,0%,63.69
u st dispensary,0,57,0%,10.47
marijuana attorney washington dc,0,57,0%,23.44
dispensary open now dc,0,57,0%,51.82
can you buy shrooms in dc,0,57,0%,77.98
nerd rope edible,0,57,0%,83.54
cannabis attorney washington dc,0,56,0%,26.41
nerd ropes thc,0,56,0%,73.34
dc kush,0,56,0%,76.82
how to use a cannabis cannabis delivery service in dc,0,56,0%,84.75
district of columbia cbd,0,56,0%,84.86
initiative 71,0,55,0%,29.02
recreational dispensary baltimore,0,55,0%,67.02
dispensary capitol hill,0,54,0%,13.06
cannabis skittles,0,54,0%,50.07
weed delivery services dc,0,54,0%,92.61
storage in burleith dc,0,53,0%,19.08
how to use a canabis cannabis delivery service in dc,0,53,0%,84.77
cbd wheel washington dc,0,52,0%,6.77
lawyer services,0,52,0%,19.35
dispensaries in georgetown washington dc,0,51,0%,10.88
thc edibles nerds rope,0,51,0%,70.27
marijuana lawyer washington dc,0,50,0%,20.24
takoma park dispensary,0,50,0%,55.76
storage in mount pleasant dc,0,50,0%,62.62
best dispensary in washington,0,50,0%,73.54
washington dc pot delivery,0,50,0%,76.2
weed delivery mclean va,0,50,0%,81.72
weed pickup dc,0,50,0%,82.24
can i buy weed in dc,0,50,0%,86.3
storage in burleith,0,49,0%,37.33
circle dispensary,0,49,0%,58.9
weed delivery maryland dc,0,49,0%,59.55
wheres the weed dc,0,49,0%,72.33
cannabis edibles washington dc,0,49,0%,74.9
alexandria dispensary,0,49,0%,79
peanut butter souffle,0,48,0%,15.1
mota indica,0,48,0%,37.12
dispensary dc open now,0,48,0%,41.94
marijuana dispensaries washington,0,48,0%,46.21
mt pleasant dispensary,0,48,0%,53.44
dc marijuana,0,48,0%,63.23
cannabis dispensaries near me,0,47,0%,32.3
dispensary shopping experience,0,47,0%,55.77
medical dispensary washington,0,47,0%,64.94
weed club,0,47,0%,73.6
washington dc cannabis delivery service,0,47,0%,84.77
dispensary u street dc,0,46,0%,10.22
marijuana dc,0,46,0%,70.78
storage in foggy bottom dc,0,46,0%,70.78
washington dc mushroom shop,0,46,0%,71.3
gifting dispensaries dc,0,46,0%,75.63
washington marijuana lawyer,0,46,0%,90.67
sls baltimore photos,0,45,0%,4.93
cannabis coupon,0,45,0%,29.64
adams morgan weed delivery,0,45,0%,31.67
dispensary near washington,0,45,0%,35.44
marijuana dispensary washington,0,45,0%,39.56
marijuana near georgetown,0,45,0%,44.53
marijuana dispensaries near me,0,45,0%,51.78
medical marijuana card service washington dc,0,45,0%,67.36
dc smoke shop,0,45,0%,73.04
legal online cannabis dispensary reviews,0,45,0%,87.89
tenleytown shopping,0,44,0%,30.82
indica legal,0,44,0%,50.95
storage in shaw dc,0,44,0%,55.48
dispensary online dc,0,44,0%,73.32
dc cannabis delivery,0,44,0%,82.82
smoke shops dc,0,44,0%,91.32
towson dispensary,0,43,0%,25.63
cannabis shop defense,0,43,0%,46.63
trinidad washington,0,43,0%,51.21
dispensaries in trinadad,0,43,0%,54.93
dc dispensaries open now,0,43,0%,55.7
order weed online in dc,0,43,0%,79.81
recreational weed in dc,0,43,0%,83.6
southwest dispensary,0,42,0%,42.6
dc dispensary mushrooms,0,41,0%,50.51
recreational marijuana washington dc,0,41,0%,91.29
mobile dispensary washington dc,0,40,0%,50.75
shop our georgetown dispensary,0,40,0%,54.58
maryland cannabis law firm,0,40,0%,85
5starsstocks.com cannabis,0,39,0%,2.79
mota cart,0,39,0%,9.28
anacostia dispensary,0,39,0%,11.13
mobile weed dispensary washington dc,0,39,0%,44.03
dispensary baltimore county,0,39,0%,63
nerd rope thc edibles,0,39,0%,64.15
md dispensary near me,0,39,0%,74.03
best weed delivery service in dc,0,39,0%,89.05
rainbow skittles weed,0,38,0%,19.42
medical cannabis woodridge,0,38,0%,33.29
dc mushrooms delivery,0,38,0%,47.05
dispensaries in washington,0,38,0%,50.13
thc nerds ropes,0,38,0%,72.66
weed delivery washington dc,0,38,0%,87.08
cannabis delivery service washington dc,0,38,0%,87.95
cannabis edibles dc,0,37,0%,27.54
washington dc weed events,0,37,0%,34.05
shrooms near me dc,0,37,0%,43.35
weed delivery northern virginia,0,37,0%,57.14
dispensary in dc near me,0,37,0%,68.62
dispensary washington dc open late,0,36,0%,37.44
washington dispensary,0,36,0%,42.44
gentleman toker,0,36,0%,43.97
weed skittles,0,36,0%,52.97
washington dc dispensaries open 24 hours,0,36,0%,55.33
shrooms delivery near me,0,36,0%,59.47
lutherville md dispensary,0,36,0%,63.33
cbd products washington dc,0,36,0%,72.97
google maps for dispensaries,0,36,0%,77.17
noma cannabis,0,35,0%,6.6
weed store washington dc,0,35,0%,45.29
400mg nerd rope,0,35,0%,50.71
dc cannabis gifting shops,0,35,0%,60.94
weed delivery alexandria va,0,35,0%,63.23
storage in foggy bottom,0,35,0%,75.2
cannabis edible delivery dc,0,35,0%,86.26
nerds edible,0,35,0%,92.11
adams morgan dispensary,0,34,0%,13.65
marijuana dispensary near me,0,34,0%,37.32
cali gold,0,34,0%,49.5
nerds rope edible 400 mg,0,34,0%,60.56
400 mg nerd rope,0,34,0%,62.47
weed deals in washington,0,34,0%,63.38
washington dc smoke shops,0,34,0%,89.24
union market dispensary,0,33,0%,8.18
nearest dispensary,0,33,0%,32.91
cannabis shop defense counsel,0,33,0%,59.48
where to get weed in washington dc,0,33,0%,71.06
weed delivery alexandria,0,33,0%,73.36
buy-medicated-nerds-rope,0,33,0%,74.76
weed cannabis delivery in dc,0,33,0%,80.36
skittles edibles,0,33,0%,88.97
dc initiative 71,0,32,0%,38
dc weed dispensaries open,0,32,0%,42.75
medical marijuana dispensary washington dc,0,32,0%,61.62
nerds thc,0,32,0%,65.09
thc edibles in dc,0,32,0%,68.72
recreational marijuana washington district of columbia,0,32,0%,79.16
mushroom dispensary washington dc,0,32,0%,84.66
drip cannabis,0,32,0%,87.41
dc best weed delivery,0,32,0%,92.34
dispensary columbia heights,0,31,0%,10.32
brookland dispensary,0,31,0%,10.55
canna dc,0,31,0%,13.16
weed street dispensary,0,31,0%,21.45
recreational dispensaries near me,0,31,0%,41.87
sls events,0,31,0%,41.9
washington dc cannabis dispensaries,0,30,0%,43
nerd rope edibles 400 mg,0,30,0%,67.87
tenleytown stores,0,30,0%,71.67
storage in logan circle dc,0,30,0%,73.53
where to buy edibles in dc,0,30,0%,74.23
dc edibles delivery,0,30,0%,80.37
fast cannabis delivery washington dc,0,30,0%,85.03
dispensary navy yard dc,0,29,0%,8.9
columbia heights dispensary,0,29,0%,9.28
dispensary towson,0,29,0%,23.41
the dc dispensary,0,29,0%,45.41
choice cart,0,29,0%,52.93
dispensary in dc open near me,0,29,0%,67.93
pot in dc,0,29,0%,78.55
washington d.c cannabis wholesale,0,29,0%,83.48
buying marijuana in dc,0,29,0%,90.24
dc smoke dispensary,0,28,0%,8.29
dispensary washington dc edibles,0,28,0%,34.54
best weed dispensary dc,0,28,0%,36.11
buy edibles dc,0,28,0%,73.14
edible nerd ropes,0,28,0%,80.18
thc nerd rope edibles,0,28,0%,91.61
burleith,0,28,0%,92.5
nerds ropes edible,0,28,0%,93.89
cali gold edibles,0,27,0%,4.81
dc dispensary near me,0,27,0%,24.63
dc 420 events,0,27,0%,32.93
washington dc gifting dispensaries,0,27,0%,52.52
u street corridor,0,27,0%,62.15
maryland dispensary locations,0,27,0%,84.96
smoke weed in dc,0,27,0%,91.19
pb souffle strain,0,26,0%,20.58
dispensary towson md,0,26,0%,22.92
best dispensary washington dc,0,26,0%,39.31
washington d.c cannabis dispensary,0,26,0%,48.77
baltimore recreational dispensaries,0,26,0%,62.15
adams dispensary,0,26,0%,66.77
buy marijuana in dc,0,26,0%,68.12
buying weed in washington dc,0,26,0%,77.46
dc marijuana dispensary dupont circle,0,25,0%,10.52
dispensary near woodridge,0,25,0%,17.44
josyah brown,0,25,0%,23.56
420 events in dc,0,25,0%,34.88
washington d.c. dispensaries,0,25,0%,37.96
local washington marijuana dispensaries,0,25,0%,40.68
cannabis dispensary in washington d.c,0,25,0%,45.8
cannabis store in d.c,0,25,0%,49.32
weed delivery arlington va,0,25,0%,61.04
how to buy pot in dc,0,25,0%,69
mota cannabis,0,25,0%,70.12
i71 dispensary dc,0,25,0%,72.2
magic mushies georgetown,0,25,0%,73.48
mota cannibis,0,25,0%,73.84
md dispensary locations,0,25,0%,78.56
cannabis events washington,0,25,0%,91.84
what to do in cathedral heights washington dc,0,25,0%,92.6
downtown dispensary,0,24,0%,10.62
dispensaries capitol hill,0,24,0%,12.79
cannabis store,0,24,0%,22.21
dispensary near towson md,0,24,0%,23.33
dispensary in towson md,0,24,0%,24.67
marijuana dispensary towson,0,24,0%,26.17
marijuana lawyer,0,24,0%,36.79
buying shrooms in dc,0,24,0%,39.04
marijuana clubs,0,24,0%,42.17
dc marijuana dispensary,0,24,0%,42.83
best of cathedral heights washington dc,0,24,0%,52.08
the best of cathedral heights washington dc,0,24,0%,57
cbd oil washington dc,0,24,0%,65.21
maryland dispensary near me,0,24,0%,70.33
dc dispensaries that deliver to virginia,0,24,0%,80.83
weed dispensary md near me,0,24,0%,86.75
fast weed delivery dc,0,24,0%,93.04
snowballs weed,0,23,0%,12.09
chevy chase dispensary,0,23,0%,14.83
georgetown dispensary dc,0,23,0%,17.35
dispensary in towson,0,23,0%,23.48
sls.com login,0,23,0%,30.91
bud in dc,0,23,0%,34
best weed store dc,0,23,0%,35.39
avatar kush,0,23,0%,36.09
dispensary in baltimore county,0,23,0%,39.48
concentrates near me,0,23,0%,44.48
marijuana near me,0,23,0%,59.52
dispensary rainbow,0,23,0%,62.22
weed delivery washington,0,23,0%,66.26
dc mushroom store,0,23,0%,66.7
buy shrooms dc,0,23,0%,71.17
recreational marijuanas dispensary dc,0,23,0%,78.83
weed carts washington dc,0,23,0%,79.7
legal cannabis attorneys maryland,0,23,0%,81.74
hillcrest dispensary,0,22,0%,12.27
dispensary georgetown dc,0,22,0%,15.18
dispensaries in towson,0,22,0%,24.09
gift dispensary,0,22,0%,28.95
420 dc events,0,22,0%,36.64
420 dc deals,0,22,0%,40
logan dispensary,0,22,0%,49.77
medical marijuana delivery near me,0,22,0%,56.73
washington dc weed near me,0,22,0%,57.32
woodley park district of columbia process service,0,22,0%,66.32
it guidance in chevy chase,0,22,0%,71.41
mota canabis,0,22,0%,71.64
marijuana distribution attorney,0,22,0%,75.82
edible nerds ropes,0,22,0%,80.32
weed delivery dc near me,0,22,0%,81.09
cannabis law attorney,0,22,0%,83.27
morgan hill dispensary,0,22,0%,89.45
best dc recreational cannabis delivery,0,22,0%,92.59
weeding services,0,22,0%,94.27
marijuana dispensaries maryland near me,0,22,0%,95.86
dispensary adams morgan,0,21,0%,14.86
marijuana dispensary,0,21,0%,32.24
cbd near me dc,0,21,0%,39
hemp attorneys maryland,0,21,0%,41.67
baddies run la strain,0,21,0%,43.67
cheap weed dc,0,21,0%,46.71
weed delivery annandale va,0,21,0%,47.1
cannabis store washington dc,0,21,0%,48.76
university park dispensary,0,21,0%,55.52
shroom delivery dc,0,21,0%,63.14
buy weed washington dc,0,21,0%,64
edibles in washington dc,0,21,0%,67.29
tincture delivery dc,0,21,0%,76
storage in adams morgan dc,0,21,0%,77.43
dispensary in maryland close to me,0,21,0%,90.29
dispensaries in towson maryland,0,20,0%,20.1
dispensary towson maryland,0,20,0%,23.3
420 events dc,0,20,0%,34.25
420 deals dc,0,20,0%,44.45
recreational cannabis dispensary,0,20,0%,54.8
dispensaries trinidad,0,20,0%,57.2
weed nerd rope,0,20,0%,62.15
how to buy edibles in dc,0,20,0%,65.2
cannabis delivery service washington,0,20,0%,69.05
can you buy mushrooms in dc,0,20,0%,70.95
columbia dispensaries,0,20,0%,76.85
mushrooms legal in dc,0,20,0%,80.95
how to get legal weed in dc,0,20,0%,82.15
reading dispensary,0,20,0%,83.4
reliable weed delivery dc,0,20,0%,90.45
dispensaries in georgetown,0,19,0%,11.74
penn quarter shopping,0,19,0%,19.63
cannabis delivery service,0,19,0%,27.68
weed events in dc,0,19,0%,31.79
initiative 71 dc,0,19,0%,37.84
baltimore weed,0,19,0%,42.47
dc dispencery,0,19,0%,54.89
skittles edibles 400mg,0,19,0%,59.21
cannabis lawyers,0,19,0%,60.32
dispensary in rainbow,0,19,0%,76.37
best weed delivery service dc,0,19,0%,77.58
md cannabis law firm,0,19,0%,84.79
storage in adams morgan,0,19,0%,86.32
weed delivery in washington dc,0,19,0%,88.37
weed shops,0,18,0%,7.17
bloomingdale dispensary,0,18,0%,13.5
sls com login,0,18,0%,17.83
oasis lawyer,0,18,0%,28.94
dispensary brentwood,0,18,0%,33.67
mushrooms delivery dc,0,18,0%,45.44
washington dc marijuana dispensaries,0,18,0%,47.22
hillcrest dc,0,18,0%,60.56
burleith dc,0,18,0%,66.06
recreational dispensary in timonium,0,18,0%,66.39
baltimore county dispensaries,0,18,0%,72
choices carts,0,18,0%,75.72
cart services washington d.c.,0,18,0%,83.22
dc weed delivery services,0,18,0%,84.28
medical marijuana washington dc,0,18,0%,89.28
shepherd park dc,0,18,0%,90.28
sls portal login,0,17,0%,9.29
top rated dispensary near me,0,17,0%,10
calypso carts,0,17,0%,18
street dispensary,0,17,0%,18.53
best dispensaries near me,0,17,0%,20.76
weed dispensary towson,0,17,0%,23.94
laywer near me,0,17,0%,27.35
h street patient care,0,17,0%,35.65
medical dispensary dc,0,17,0%,36.71
dispensary near me dc,0,17,0%,37.18
dispensary near me in dc,0,17,0%,37.24
weed shop in baltimore,0,17,0%,37.59
columbia heights shopping,0,17,0%,53.65
washington dc dispensary mushrooms,0,17,0%,58.12
dc street,0,17,0%,77.35
dispensary in trinidad,0,17,0%,79.12
best vapes in dc,0,17,0%,85.18
marijuana seeds baltimore,0,17,0%,87.59
dc recreational weed,0,17,0%,89.18
weed pens,0,16,0%,7.12
thc seltzer near me,0,16,0%,10.25
area 71 dc,0,16,0%,20.94
dispenseries in dc,0,16,0%,34.19
trinidad dc,0,16,0%,60.69
circle dispo,0,16,0%,62.25
buy mushrooms dc,0,16,0%,63.88
washington d.c. marijuana,0,16,0%,65.38
moto cannabis,0,16,0%,72.56
marijuana dispensary delivery washington dc,0,16,0%,78.94
riggs park dc,0,16,0%,79
nerd ropes edible,0,16,0%,82.12
observatory circle,0,16,0%,86.75
weed dispensary capitol hill,0,15,0%,7.6
weed dispensary dupont circle,0,15,0%,12.2
washington vape company reviews,0,15,0%,25.07
lawer near me,0,15,0%,25.8
sls login,0,15,0%,29.07
weed events in washington dc,0,15,0%,36.07
weed dispensary georgetown,0,15,0%,49.67
good green dispensary baltimore,0,15,0%,53.27
locally infused events,0,15,0%,57
buying mushrooms in dc,0,15,0%,59.73
where to get weed in dc,0,15,0%,72.07
infused nerd rope,0,15,0%,84.53
dc weed delivery virginia,0,15,0%,88.4
recreational weed dc,0,15,0%,93.53
recreational dispensary in dc,0,14,0%,29.93
whats ur vibe,0,14,0%,33.29
420 deals southern maryland,0,14,0%,43.14
sls location,0,14,0%,43.71
weed shops washington dc,0,14,0%,45.43
marijuana dispensary in washington dc,0,14,0%,46.07
weed nerds,0,14,0%,46.21
weed dc storefront,0,14,0%,49.71
dispensaries near me open now,0,14,0%,50.79
mushrooms dispensary dc,0,14,0%,52.57
weed delivery,0,14,0%,52.57
recreational weed dispensary dc,0,14,0%,53.71
dispensaries open near me,0,14,0%,62.29
marijuana distribution attorneys,0,14,0%,63.57
marijuana baltimore,0,14,0%,65.5
mota thc jelly edibles,0,14,0%,67.43
brentwood dc,0,14,0%,69.14
motacannabis,0,14,0%,72.64
400 mg edible nerd rope,0,14,0%,75.71
best dispensaries in washington,0,14,0%,76.14
dispensary morgan hill,0,14,0%,78.79
cannabis delivery service dc,0,14,0%,79.36
where to buy shrooms dc,0,14,0%,80